{"roc_auc": 0.6671052631578948, "f1": 0.6666666666666667, "accuracy": 0.6666666666666666}